City ID,City,Country,Date,Lat,Lng,Max Temp,Humidity,Cloudiness,Wind Speed,Current Description,Rain inches (last 3hrs),Snow inches (last 3hrs)
0,Carnarvon,AU,2022-07-29 05:22:04,-24.8667,113.6333,71.02,70,100,9.98,overcast clouds,0.0,0.0
1,Fairbanks,US,2022-07-29 05:28:39,64.8378,-147.7164,66.09,55,20,9.22,few clouds,0.0,0.0
2,Saskylakh,RU,2022-07-29 05:28:40,71.9167,114.0833,63.12,77,100,4.56,overcast clouds,0.0,0.0
3,Mecca,SA,2022-07-29 05:16:44,21.4267,39.8261,90.28,27,67,4.09,broken clouds,0.0,0.0
4,Fort Wayne,US,2022-07-29 05:28:02,41.1306,-85.1289,66.18,88,40,0.0,scattered clouds,0.0,0.0
5,Barrow,US,2022-07-29 05:19:30,71.2906,-156.7887,33.82,100,100,13.8,mist,0.0,0.0
6,Saint-Pierre,RE,2022-07-29 05:28:40,-21.3393,55.4781,73.29,64,0,9.22,clear sky,0.0,0.0
7,Yellowknife,CA,2022-07-29 05:28:25,62.456,-114.3525,59.56,58,20,6.91,few clouds,0.0,0.0
8,Leningradskiy,RU,2022-07-29 05:19:40,69.3833,178.4167,42.6,74,86,9.53,overcast clouds,0.0,0.0
9,Cockburn Town,TC,2022-07-29 05:27:53,21.4612,-71.1419,81.41,75,86,20.67,overcast clouds,0.0,0.0
10,Rundu,NA,2022-07-29 05:28:41,-17.9333,19.7667,51.69,39,29,4.88,scattered clouds,0.0,0.0
11,Port Lincoln,AU,2022-07-29 05:28:41,-34.7333,135.8667,58.08,61,60,13.71,broken clouds,0.0,0.0
12,Port Alfred,ZA,2022-07-29 05:17:40,-33.5906,26.891,64.18,60,0,4.0,clear sky,0.0,0.0
13,Aksarka,RU,2022-07-29 05:28:42,66.5606,67.7975,76.19,40,54,10.85,broken clouds,0.0,0.0
14,Kavaratti,IN,2022-07-29 05:28:42,10.5669,72.642,81.5,80,96,13.82,overcast clouds,0.0,0.0
15,Busselton,AU,2022-07-29 05:28:42,-33.65,115.3333,57.61,75,83,26.04,broken clouds,0.0,0.0
16,Qaanaaq,GL,2022-07-29 05:20:43,77.484,-69.3632,35.85,83,75,5.41,broken clouds,0.0,0.0
17,Mar Del Plata,AR,2022-07-29 05:18:34,-38.0023,-57.5575,43.09,91,40,11.99,scattered clouds,0.0,0.0
18,Jaswantnagar,IN,2022-07-29 05:28:43,26.8786,78.9028,90.1,58,89,4.9,overcast clouds,0.0,0.0
19,Punta Arenas,CL,2022-07-29 05:25:24,-53.15,-70.9167,39.31,81,20,25.32,few clouds,0.0,0.0
20,Dikson,RU,2022-07-29 05:28:43,73.5069,80.5464,42.71,99,100,15.48,overcast clouds,0.0,0.0
21,Kingsland,US,2022-07-29 05:25:04,30.8,-81.6898,81.91,90,98,3.74,overcast clouds,0.0,0.0
22,Kapaa,US,2022-07-29 05:28:44,22.0752,-159.319,80.58,80,20,9.22,few clouds,0.0,0.0
23,Pevek,RU,2022-07-29 05:28:44,69.7008,170.3133,42.1,71,77,8.7,broken clouds,0.0,0.0
24,Ust-Ilimsk,RU,2022-07-29 05:28:44,58.0006,102.6619,59.7,95,100,9.73,overcast clouds,0.0,0.0
25,Yarada,IN,2022-07-29 05:20:51,17.65,83.2667,89.92,66,40,5.75,haze,0.0,0.0
26,Bardiyah,LY,2022-07-29 05:28:45,31.7561,25.0865,77.29,80,0,9.53,clear sky,0.0,0.0
27,Guaratinga,BR,2022-07-29 05:28:45,-16.5667,-39.5667,61.61,98,14,3.2,few clouds,0.0,0.0
28,Sorong,ID,2022-07-29 05:18:59,-0.8833,131.25,82.18,79,67,4.41,broken clouds,0.0,0.0
29,Hilo,US,2022-07-29 05:25:52,19.7297,-155.09,79.29,79,0,3.44,clear sky,0.0,0.0
30,Georgetown,MY,2022-07-29 05:27:41,5.4112,100.3354,87.73,73,40,8.05,scattered clouds,0.0,0.0
31,Kodiak,US,2022-07-29 05:28:46,57.79,-152.4072,58.51,67,0,8.05,clear sky,0.0,0.0
32,Upernavik,GL,2022-07-29 05:28:46,72.7868,-56.1549,42.4,71,96,5.19,overcast clouds,0.0,0.0
33,Coahuayana,MX,2022-07-29 05:28:46,18.7333,-103.6833,75.9,91,99,2.84,overcast clouds,0.0,0.0
34,Saldanha,ZA,2022-07-29 05:20:43,-33.0117,17.9442,55.45,82,74,21.99,broken clouds,0.0,0.0
35,Srednekolymsk,RU,2022-07-29 05:28:47,67.45,153.6833,69.31,26,6,10.96,clear sky,0.0,0.0
36,Norman Wells,CA,2022-07-29 05:19:33,65.282,-126.8329,59.04,55,75,3.44,broken clouds,0.0,0.0
37,Zhukovo,RU,2022-07-29 05:28:47,55.0318,36.744,61.29,78,39,5.82,scattered clouds,0.0,0.0
38,Bethel,US,2022-07-29 05:28:47,41.3712,-73.414,77.76,93,75,3.44,broken clouds,0.0,0.0
39,Hobart,AU,2022-07-29 05:17:32,-42.8794,147.3294,50.05,67,75,9.22,broken clouds,0.0,0.0
40,Rikitea,PF,2022-07-29 05:28:48,-23.1203,-134.9692,73.09,75,16,21.32,few clouds,0.0,0.0
41,Yar-Sale,RU,2022-07-29 05:28:48,66.8333,70.8333,74.32,47,78,11.56,broken clouds,0.0,0.0
42,Esil,KZ,2022-07-29 05:28:48,51.9556,66.4042,62.04,94,100,10.07,moderate rain,0.0,0.0
43,Taoudenni,ML,2022-07-29 05:28:49,22.6783,-3.9836,99.9,15,92,6.22,overcast clouds,0.0,0.0
44,Isangel,VU,2022-07-29 05:28:49,-19.55,169.2667,74.21,89,100,10.16,light rain,0.0,0.0
45,Makat,KZ,2022-07-29 05:29:49,47.6469,53.3463,86.56,34,2,4.72,clear sky,0.0,0.0
46,Klaksvik,FO,2022-07-29 05:29:50,62.2266,-6.589,52.72,86,100,18.28,overcast clouds,0.0,0.0
47,Mehran,IR,2022-07-29 05:29:50,33.1222,46.1646,97.56,33,15,9.84,few clouds,0.0,0.0
48,Albany,US,2022-07-29 05:26:07,42.6001,-73.9662,70.43,89,25,4.0,scattered clouds,0.0,0.0
49,Remedios,CU,2022-07-29 05:29:50,22.4947,-79.5458,77.92,81,5,13.87,clear sky,0.0,0.0
50,Tocopilla,CL,2022-07-29 05:29:51,-22.092,-70.1979,62.15,66,25,10.69,scattered clouds,0.0,0.0
51,Quatre Cocos,MU,2022-07-29 05:29:51,-20.2078,57.7625,75.09,67,6,15.55,clear sky,0.0,0.0
52,Dunedin,NZ,2022-07-29 05:29:51,-45.8742,170.5036,47.8,73,99,5.91,overcast clouds,0.0,0.0
53,Khatanga,RU,2022-07-29 05:20:50,71.9667,102.5,73.65,45,49,6.93,scattered clouds,0.0,0.0
54,Ushuaia,AR,2022-07-29 05:29:52,-54.8,-68.3,38.86,81,75,5.75,broken clouds,0.0,0.0
55,Guider,CM,2022-07-29 05:29:52,9.9342,13.9486,71.71,93,100,5.82,light rain,0.0,0.0
56,Vao,NC,2022-07-29 05:29:52,-22.6667,167.4833,69.57,67,43,12.21,scattered clouds,0.0,0.0
57,Ibra,OM,2022-07-29 05:29:53,22.6906,58.5334,79.48,69,56,5.97,broken clouds,0.0,0.0
58,Mataura,NZ,2022-07-29 05:29:53,-46.1927,168.8643,47.48,95,94,6.71,light rain,0.0,0.0
59,Ahipara,NZ,2022-07-29 05:29:53,-35.1667,173.1667,57.54,76,39,5.17,scattered clouds,0.0,0.0
60,Bandarbeyla,SO,2022-07-29 05:20:43,9.4942,50.8122,81.45,60,44,26.08,scattered clouds,0.0,0.0
61,Nanga Eboko,CM,2022-07-29 05:29:54,4.6833,12.3667,66.74,100,100,1.88,light rain,0.0,0.0
62,Garavuti,TJ,2022-07-29 05:29:54,37.5672,68.4469,92.05,17,0,7.16,clear sky,0.0,0.0
63,Cairns,AU,2022-07-29 05:29:54,-16.9167,145.7667,79.07,58,11,16.11,few clouds,0.0,0.0
64,Tiksi,RU,2022-07-29 05:29:55,71.6872,128.8694,49.77,82,100,9.26,overcast clouds,0.0,0.0
65,Hermanus,ZA,2022-07-29 05:29:55,-34.4187,19.2345,59.81,73,68,21.12,broken clouds,0.0,0.0
66,Yishui,CN,2022-07-29 05:29:55,35.7847,118.6281,80.56,78,100,7.05,overcast clouds,0.0,0.0
67,Castro,BR,2022-07-29 05:26:54,-24.7911,-50.0119,59.61,66,80,5.75,broken clouds,0.0,0.0
68,East London,ZA,2022-07-29 05:29:56,-33.0153,27.9116,67.14,52,0,6.91,clear sky,0.0,0.0
69,Nueva Granada,CO,2022-07-29 05:29:56,9.8017,-74.393,72.86,96,99,5.01,overcast clouds,0.0,0.0
70,Bengkulu,ID,2022-07-29 05:29:57,-3.8004,102.2655,84.81,68,87,8.77,overcast clouds,0.0,0.0
71,Atuona,PF,2022-07-29 05:29:57,-9.8,-139.0333,77.52,75,29,23.98,light rain,0.0,0.0
72,Inirida,CO,2022-07-29 05:29:57,3.8653,-67.9239,71.89,99,100,1.05,overcast clouds,0.0,0.0
73,Nantucket,US,2022-07-29 05:29:57,41.2835,-70.0995,78.91,98,100,8.05,fog,0.0,0.0
74,Vaini,TO,2022-07-29 05:22:04,-21.2,-175.2,77.16,88,20,6.91,few clouds,0.0,0.0
75,Esperance,AU,2022-07-29 05:29:58,-33.8667,121.9,69.28,61,80,13.15,broken clouds,0.0,0.0
76,Bredasdorp,ZA,2022-07-29 05:22:01,-34.5322,20.0403,53.04,68,40,9.37,scattered clouds,0.0,0.0
77,Nuuk,GL,2022-07-29 05:29:58,64.1835,-51.7216,45.21,87,100,3.44,light shower snow,0.0,0.0
78,Mahebourg,MU,2022-07-29 05:28:19,-20.4081,57.7,74.25,60,20,10.36,few clouds,0.0,0.0
79,Pochutla,MX,2022-07-29 05:29:59,15.7432,-96.4661,79.83,92,71,4.05,broken clouds,0.0,0.0
80,Belance,PH,2022-07-29 05:29:59,16.1833,121.25,78.49,84,100,2.64,overcast clouds,0.0,0.0
81,Bambous Virieux,MU,2022-07-29 05:29:59,-20.3428,57.7575,75.22,60,20,10.36,few clouds,0.0,0.0
82,Portland,US,2022-07-29 05:27:45,45.5234,-122.6762,84.99,65,0,5.75,clear sky,0.0,0.0
83,Kruisfontein,ZA,2022-07-29 05:30:00,-34.0033,24.7314,54.16,63,0,9.51,clear sky,0.0,0.0
84,Port Elizabeth,ZA,2022-07-29 05:30:00,-33.918,25.5701,61.09,86,0,25.32,clear sky,0.0,0.0
85,Kang,BW,2022-07-29 05:30:00,-23.6752,22.7876,52.45,44,63,9.64,broken clouds,0.0,0.0
86,Marabba,SD,2022-07-29 05:30:01,12.35,32.1833,78.85,72,91,11.36,overcast clouds,0.0,0.0
87,Ballesteros,PH,2022-07-29 05:30:01,18.4126,121.5152,86.99,71,100,14.09,overcast clouds,0.0,0.0
88,Honiara,SB,2022-07-29 05:30:01,-9.4333,159.95,83.25,72,93,3.89,overcast clouds,0.0,0.0
89,Lompoc,US,2022-07-29 05:22:07,34.6391,-120.4579,61.02,89,100,7.0,mist,0.0,0.0
90,Kidal,ML,2022-07-29 05:30:02,18.4411,1.4078,79.12,59,100,7.52,overcast clouds,0.0,0.0
91,Hasaki,JP,2022-07-29 05:30:02,35.7333,140.8333,93.6,78,2,18.16,clear sky,0.0,0.0
92,Tecoanapa,MX,2022-07-29 05:31:02,16.5167,-98.75,77.14,87,23,3.65,few clouds,0.0,0.0
93,Hambantota,LK,2022-07-29 05:31:03,6.1241,81.1185,84.54,84,75,0.0,moderate rain,0.0,0.0
94,Sovetskiy,RU,2022-07-29 05:31:03,61.3614,63.5842,76.71,31,7,3.8,clear sky,0.0,0.0
95,Nikolskoye,RU,2022-07-29 05:31:03,59.7035,30.7861,65.88,69,28,5.59,scattered clouds,0.0,0.0
96,Bluff,NZ,2022-07-29 05:31:04,-46.6,168.3333,47.8,68,81,17.52,light rain,0.0,0.0
97,Kathu,TH,2022-07-29 05:31:04,7.9178,98.3332,87.62,69,53,4.92,broken clouds,0.0,0.0
98,Puerto Ayora,EC,2022-07-29 05:31:05,-0.7393,-90.3518,68.56,98,70,7.0,broken clouds,0.0,0.0
99,Chuy,UY,2022-07-29 05:31:05,-33.6971,-53.4616,49.8,89,100,18.1,overcast clouds,0.0,0.0
100,Katsuura,JP,2022-07-29 05:31:05,35.1333,140.3,84.2,78,14,14.41,few clouds,0.0,0.0
101,Henties Bay,NA,2022-07-29 05:31:06,-22.116,14.2845,52.83,90,15,8.57,few clouds,0.0,0.0
102,Jamestown,US,2022-07-29 05:27:22,42.097,-79.2353,69.39,71,0,8.01,clear sky,0.0,0.0
103,Pedregulho,BR,2022-07-29 05:31:06,-20.2569,-47.4767,56.57,53,14,2.39,few clouds,0.0,0.0
104,Iqaluit,CA,2022-07-29 05:30:14,63.7506,-68.5145,49.73,76,75,3.44,broken clouds,0.0,0.0
105,Constitucion,CL,2022-07-29 05:18:01,-35.3333,-72.4167,46.78,82,0,7.36,clear sky,0.0,0.0
106,Faya,SA,2022-07-29 05:31:07,18.3851,42.4509,75.31,38,28,3.2,scattered clouds,0.0,0.0
107,Ponta Do Sol,PT,2022-07-29 05:31:07,32.6667,-17.1,74.01,81,13,4.25,few clouds,0.0,0.0
108,Lorengau,PG,2022-07-29 05:31:07,-2.0226,147.2712,82.72,78,26,13.24,scattered clouds,0.0,0.0
109,Ribeira Grande,PT,2022-07-29 05:31:08,38.5167,-28.7,72.5,79,11,3.4,few clouds,0.0,0.0
110,Okhotsk,RU,2022-07-29 05:31:08,59.3833,143.3,66.43,77,32,9.62,scattered clouds,0.0,0.0
111,Fortuna,US,2022-07-29 05:29:19,40.5982,-124.1573,59.94,91,100,5.75,overcast clouds,0.0,0.0
112,Deputatskiy,RU,2022-07-29 05:31:08,69.3,139.9,49.28,76,100,4.07,overcast clouds,0.0,0.0
113,Butaritari,KI,2022-07-29 05:31:09,3.0707,172.7902,82.0,74,46,12.55,scattered clouds,0.0,0.0
114,Hobyo,SO,2022-07-29 05:31:09,5.3505,48.5268,80.31,70,78,21.05,broken clouds,0.0,0.0
115,Broken Hill,AU,2022-07-29 05:31:09,-31.95,141.4333,57.7,35,99,5.61,overcast clouds,0.0,0.0
116,Aklavik,CA,2022-07-29 05:31:10,68.2191,-135.0107,39.15,94,100,14.38,overcast clouds,0.0,0.0
117,Petropavlovsk-Kamchatskiy,RU,2022-07-29 05:31:10,53.0452,158.6483,72.19,43,75,11.18,light rain,0.0,0.0
118,Olafsvik,IS,2022-07-29 05:26:21,64.8945,-23.7142,45.45,83,65,11.79,broken clouds,0.0,0.0
119,Aswan,EG,2022-07-29 05:31:10,24.0934,32.907,83.5,20,0,4.61,clear sky,0.0,0.0
120,Gazanjyk,TM,2022-07-29 05:31:11,39.2446,55.5154,88.48,52,1,14.79,clear sky,0.0,0.0
121,Chipinge,ZW,2022-07-29 05:31:11,-20.1883,32.6236,55.04,60,0,2.68,clear sky,0.0,0.0
122,Ostrovnoy,RU,2022-07-29 05:31:11,68.0531,39.5131,50.4,84,100,13.6,overcast clouds,0.0,0.0
123,College,US,2022-07-29 05:31:12,64.8569,-147.8028,66.07,57,20,9.22,few clouds,0.0,0.0
124,Cape Town,ZA,2022-07-29 05:26:20,-33.9258,18.4232,57.88,84,75,19.57,moderate rain,0.0,0.0
125,Saint-Joseph,RE,2022-07-29 05:31:12,-21.3667,55.6167,73.2,74,17,9.6,few clouds,0.0,0.0
126,New Norfolk,AU,2022-07-29 05:31:12,-42.7826,147.0587,48.92,74,83,3.0,broken clouds,0.0,0.0
127,Faanui,PF,2022-07-29 05:31:13,-16.4833,-151.75,79.2,74,4,22.62,light rain,0.0,0.0
128,Sambava,MG,2022-07-29 05:31:13,-14.2667,50.1667,73.94,70,58,11.63,broken clouds,0.0,0.0
129,Bilibino,RU,2022-07-29 05:31:13,68.0546,166.4372,54.3,53,91,4.63,overcast clouds,0.0,0.0
130,Ilulissat,GL,2022-07-29 05:31:14,69.2167,-51.1,46.42,61,93,3.44,overcast clouds,0.0,0.0
131,Abalak,RU,2022-07-29 05:31:14,58.1286,68.5944,71.22,48,10,11.05,clear sky,0.0,0.0
132,San Felipe,VE,2022-07-29 05:31:14,10.3399,-68.7425,70.97,98,90,0.63,overcast clouds,0.0,0.0
133,Harper,LR,2022-07-29 05:31:15,4.375,-7.7169,74.07,75,91,6.46,overcast clouds,0.0,0.0
134,Poros,GR,2022-07-29 05:31:15,37.4994,23.4536,81.25,55,0,20.71,clear sky,0.0,0.0
135,Indianola,US,2022-07-29 05:31:15,41.3581,-93.5574,66.0,77,42,3.85,scattered clouds,0.0,0.0
136,Heihe,CN,2022-07-29 05:32:16,50.2441,127.4902,75.78,97,100,6.49,light rain,0.0,0.0
137,Pierre,US,2022-07-29 05:32:16,44.3683,-100.351,65.86,67,0,5.75,clear sky,0.0,0.0
138,Provideniya,RU,2022-07-29 05:32:16,64.3833,-173.3,48.36,93,40,7.0,fog,0.0,0.0
139,Hay River,CA,2022-07-29 05:32:17,60.8156,-115.7999,62.58,88,75,2.3,broken clouds,0.0,0.0
140,Port-Gentil,GA,2022-07-29 05:32:17,-0.7193,8.7815,71.56,94,20,4.61,few clouds,0.0,0.0
141,Lebu,CL,2022-07-29 05:32:17,-37.6167,-73.65,47.44,87,4,19.57,clear sky,0.0,0.0
142,Itarema,BR,2022-07-29 05:32:17,-2.9248,-39.9167,75.74,89,92,11.01,overcast clouds,0.0,0.0
143,Kholmogory,RU,2022-07-29 05:32:18,64.2229,41.656,65.37,97,98,6.58,overcast clouds,0.0,0.0
144,Thompson,CA,2022-07-29 05:31:04,55.7435,-97.8558,55.56,76,40,0.0,scattered clouds,0.0,0.0
145,Zachary,US,2022-07-29 05:30:05,30.6485,-91.1565,78.73,96,0,0.0,clear sky,0.0,0.0
146,Dingle,PH,2022-07-29 05:32:18,10.9995,122.6711,84.63,77,100,13.53,overcast clouds,0.0,0.0
147,Athabasca,CA,2022-07-29 05:31:03,54.7169,-113.2854,70.21,92,25,8.23,scattered clouds,0.0,0.0
148,Kedainiai,LT,2022-07-29 05:32:19,55.2883,23.9747,59.14,83,0,4.9,clear sky,0.0,0.0
149,Telimele,GN,2022-07-29 05:32:19,10.9167,-13.3333,69.75,97,93,4.23,overcast clouds,0.0,0.0
150,Wanaka,NZ,2022-07-29 05:32:19,-44.7,169.15,39.09,94,88,4.09,overcast clouds,0.0,0.0
151,Samarai,PG,2022-07-29 05:32:20,-10.6167,150.6667,78.91,86,67,15.5,broken clouds,0.0,0.0
152,Tasiilaq,GL,2022-07-29 05:32:20,65.6145,-37.6368,41.16,93,100,2.98,overcast clouds,0.0,0.0
153,Hualmay,PE,2022-07-29 05:32:20,-11.0964,-77.6139,59.97,82,50,3.53,scattered clouds,0.0,0.0
154,Bowen,AU,2022-07-29 05:32:21,-20.0167,148.2333,68.83,59,68,14.97,broken clouds,0.0,0.0
155,Yerofey Pavlovich,RU,2022-07-29 05:32:21,53.9667,121.9667,77.88,36,0,8.34,clear sky,0.0,0.0
156,Harnosand,SE,2022-07-29 05:32:21,62.6323,17.9379,55.0,55,8,7.58,clear sky,0.0,0.0
157,Denpasar,ID,2022-07-29 05:30:17,-8.65,115.2167,82.06,78,20,21.85,few clouds,0.0,0.0
158,Arraial Do Cabo,BR,2022-07-29 05:32:22,-22.9661,-42.0278,70.0,84,23,17.27,few clouds,0.0,0.0
159,Lagoa,PT,2022-07-29 05:32:22,39.05,-27.9833,70.9,80,0,0.78,clear sky,0.0,0.0
160,Verkhnechusovskiye Gorodki,RU,2022-07-29 05:32:22,58.1671,57.1086,72.0,45,0,5.01,clear sky,0.0,0.0
161,Geraldton,AU,2022-07-29 05:32:23,-28.7667,114.6,64.81,88,75,6.91,heavy intensity shower rain,0.0,0.0
162,Shimoda,JP,2022-07-29 05:32:23,34.6667,138.95,88.16,74,2,10.33,clear sky,0.0,0.0
163,Rudbar,AF,2022-07-29 05:32:23,30.15,62.6,97.47,16,98,14.16,overcast clouds,0.0,0.0
164,Gamba,GA,2022-07-29 05:32:24,-2.65,10.0,68.29,91,39,1.7,scattered clouds,0.0,0.0
165,Narsaq,GL,2022-07-29 05:32:24,60.9167,-46.05,46.62,60,84,3.06,broken clouds,0.0,0.0
166,Kungur,RU,2022-07-29 05:32:24,57.4368,56.9593,69.66,57,25,6.87,scattered clouds,0.0,0.0
167,Yamandu,SL,2022-07-29 05:32:25,7.9362,-11.4928,69.31,95,90,1.61,overcast clouds,0.0,0.0
168,Tuktoyaktuk,CA,2022-07-29 05:32:25,69.4541,-133.0374,44.6,81,100,16.11,overcast clouds,0.0,0.0
169,Zalantun,CN,2022-07-29 05:32:25,48.0,122.7167,77.97,72,100,4.92,overcast clouds,0.0,0.0
170,Tudela,ES,2022-07-29 05:32:26,42.0617,-1.6045,68.9,66,9,10.04,clear sky,0.0,0.0
171,Sao Joao Da Barra,BR,2022-07-29 05:27:36,-21.6403,-41.0511,68.58,81,10,13.2,clear sky,0.0,0.0
172,Souillac,MU,2022-07-29 05:32:26,-20.5167,57.5167,73.78,60,20,10.36,few clouds,0.0,0.0
173,Nanortalik,GL,2022-07-29 05:32:27,60.1432,-45.2371,43.9,85,93,5.19,overcast clouds,0.0,0.0
174,Deniliquin,AU,2022-07-29 05:32:27,-35.5333,144.9667,54.79,45,6,8.72,clear sky,0.0,0.0
175,Saint-Philippe,RE,2022-07-29 05:32:27,-21.3585,55.7679,74.21,80,39,10.04,light rain,0.0,0.0
176,Mogocha,RU,2022-07-29 05:32:27,53.7333,119.7667,75.96,38,20,8.08,few clouds,0.0,0.0
177,Batagay-Alyta,RU,2022-07-29 05:32:28,67.8006,130.4114,84.7,36,16,5.21,few clouds,0.0,0.0
178,Calvinia,ZA,2022-07-29 05:32:28,-31.4707,19.776,43.9,79,100,13.29,overcast clouds,0.0,0.0
179,Krasnoyarskiy,RU,2022-07-29 05:32:29,51.965,59.8967,61.16,76,80,13.42,broken clouds,0.0,0.0
180,Arlit,NE,2022-07-29 05:32:29,18.7369,7.3853,84.7,52,36,7.76,scattered clouds,0.0,0.0
181,Port Hedland,AU,2022-07-29 05:33:29,-20.3167,118.5667,78.85,36,0,14.97,clear sky,0.0,0.0
182,Agadez,NE,2022-07-29 05:33:29,19.75,10.25,88.0,21,96,6.55,overcast clouds,0.0,0.0
183,Praia Da Vitoria,PT,2022-07-29 05:33:30,38.7333,-27.0667,70.05,83,20,3.4,few clouds,0.0,0.0
184,Haines Junction,CA,2022-07-29 05:33:30,60.7522,-137.5108,60.75,59,98,3.44,overcast clouds,0.0,0.0
185,Gulu,UG,2022-07-29 05:33:30,2.7746,32.299,67.78,91,73,4.47,light rain,0.0,0.0
186,Imbituba,BR,2022-07-29 05:33:31,-28.24,-48.6703,57.09,99,95,18.99,light rain,0.0,0.0
187,Tondano,ID,2022-07-29 05:33:31,1.3038,124.9112,80.69,74,89,5.48,overcast clouds,0.0,0.0
188,Flinders,AU,2022-07-29 05:33:31,-34.5833,150.8552,58.05,51,6,12.91,clear sky,0.0,0.0
189,Plettenberg Bay,ZA,2022-07-29 05:33:32,-34.0527,23.3716,55.98,67,1,5.28,clear sky,0.0,0.0
190,Zhezkazgan,KZ,2022-07-29 05:33:32,47.8043,67.7144,71.58,49,40,13.42,scattered clouds,0.0,0.0
191,Husavik,IS,2022-07-29 05:33:32,66.0449,-17.3389,44.28,94,100,12.95,overcast clouds,0.0,0.0
192,Riyadh,SA,2022-07-29 05:30:02,24.6877,46.7219,93.34,34,100,6.24,light rain,0.0,0.0
193,El Alto,PE,2022-07-29 05:33:33,-4.2714,-81.2147,62.91,79,20,12.3,few clouds,0.0,0.0
194,Paraiso,CR,2022-07-29 05:33:33,9.8383,-83.8656,63.41,91,76,2.13,broken clouds,0.0,0.0
195,Port Macquarie,AU,2022-07-29 05:33:33,-31.4333,152.9167,59.9,55,26,16.91,scattered clouds,0.0,0.0
196,Victoria,HK,2022-07-29 05:32:57,22.2855,114.1577,96.96,69,86,7.0,overcast clouds,0.0,0.0
197,Ust-Charyshskaya Pristan,RU,2022-07-29 05:33:34,52.3934,83.6635,84.4,31,80,7.07,broken clouds,0.0,0.0
198,Bremerton,US,2022-07-29 05:30:30,47.5673,-122.6326,80.51,75,0,3.44,clear sky,0.0,0.0
199,Dzidzantun,MX,2022-07-29 05:33:34,21.25,-89.05,78.15,87,100,6.58,overcast clouds,0.0,0.0
200,Kaitangata,NZ,2022-07-29 05:33:34,-46.2817,169.8464,43.74,88,95,10.22,overcast clouds,0.0,0.0
201,Verkh-Usugli,RU,2022-07-29 05:33:35,52.7,115.1667,68.38,56,57,4.81,broken clouds,0.0,0.0
202,Tenenkou,ML,2022-07-29 05:33:35,14.4572,-4.9169,76.01,66,100,11.39,overcast clouds,0.0,0.0
203,Maragogi,BR,2022-07-29 05:33:35,-9.0122,-35.2225,72.64,89,56,2.15,broken clouds,0.0,0.0
204,Asyut,EG,2022-07-29 05:33:36,27.181,31.1837,78.98,16,20,6.15,few clouds,0.0,0.0
205,Nhulunbuy,AU,2022-07-29 05:33:36,-12.2333,136.7667,79.41,69,75,12.66,broken clouds,0.0,0.0
206,Airai,TL,2022-07-29 05:33:36,-8.9266,125.4092,72.21,45,72,3.47,broken clouds,0.0,0.0
207,Uddevalla,SE,2022-07-29 05:33:37,58.3478,11.9424,60.08,79,1,3.09,clear sky,0.0,0.0
208,Hokitika,NZ,2022-07-29 05:33:37,-42.7167,170.9667,46.9,90,100,5.5,overcast clouds,0.0,0.0
209,Pisco,PE,2022-07-29 05:33:37,-13.7,-76.2167,60.85,82,100,1.14,mist,0.0,0.0
210,Correntina,BR,2022-07-29 05:33:37,-13.3433,-44.6367,60.96,60,3,1.48,clear sky,0.0,0.0
211,Mayumba,GA,2022-07-29 05:33:38,-3.432,10.6554,68.99,89,77,3.31,broken clouds,0.0,0.0
212,Nanning,CN,2022-07-29 05:33:38,22.8167,108.3167,97.25,40,100,3.29,overcast clouds,0.0,0.0
213,Vila Velha,BR,2022-07-29 05:31:04,-20.3297,-40.2925,71.55,84,20,10.36,few clouds,0.0,0.0
214,Itoman,JP,2022-07-29 05:33:38,26.1247,127.6694,91.42,68,40,9.22,scattered clouds,0.0,0.0
215,Saint George,US,2022-07-29 05:30:20,37.1041,-113.5841,82.94,58,0,11.5,clear sky,0.0,0.0
216,Pacific Grove,US,2022-07-29 05:32:34,36.6177,-121.9166,60.82,91,100,5.75,overcast clouds,0.0,0.0
217,Tiznit,MA,2022-07-29 05:33:39,29.5833,-9.5,72.14,56,0,0.98,clear sky,0.0,0.0
218,Clyde River,CA,2022-07-29 05:33:39,70.4692,-68.5914,35.83,100,100,11.5,mist,0.0,0.0
219,Ewa Beach,US,2022-07-29 05:33:40,21.3156,-158.0072,82.35,62,0,12.66,clear sky,0.0,0.0
220,Anadyr,RU,2022-07-29 05:33:40,64.75,177.4833,50.5,81,20,20.13,fog,0.0,0.0
221,Kavieng,PG,2022-07-29 05:33:40,-2.5744,150.7967,83.62,73,81,15.26,broken clouds,0.0,0.0
222,San Cristobal,VE,2022-07-29 05:33:40,7.7669,-72.225,68.18,94,100,1.16,overcast clouds,0.0,0.0
223,Labuhan,ID,2022-07-29 05:33:41,-6.8844,112.2051,87.13,56,97,10.13,overcast clouds,0.0,0.0
224,Quirinopolis,BR,2022-07-29 05:33:41,-18.4483,-50.4517,66.06,40,67,4.61,broken clouds,0.0,0.0
225,Taiyuan,CN,2022-07-29 05:33:42,37.8694,112.5603,84.06,45,0,4.47,clear sky,0.0,0.0
226,Rosario Do Sul,BR,2022-07-29 05:33:42,-30.2583,-54.9142,46.51,85,8,10.13,clear sky,0.0,0.0
227,Tahoua,NE,2022-07-29 05:33:42,14.8888,5.2692,77.61,64,96,10.45,overcast clouds,0.0,0.0
228,Sabang,ID,2022-07-29 05:33:42,5.8933,95.3214,80.62,80,97,22.15,overcast clouds,0.0,0.0
229,Khorramabad,IR,2022-07-29 05:33:43,33.4878,48.3558,87.42,33,0,2.3,clear sky,0.0,0.0
230,Nome,US,2022-07-29 05:34:25,64.5011,-165.4064,59.16,82,100,5.75,overcast clouds,0.0,0.0
231,Marsh Harbour,BS,2022-07-29 05:34:43,26.5412,-77.0636,81.99,76,39,14.14,scattered clouds,0.0,0.0
232,Tuatapere,NZ,2022-07-29 05:34:43,-46.1333,167.6833,41.95,85,85,7.38,overcast clouds,0.0,0.0
233,Garden City,US,2022-07-29 05:33:34,42.3256,-83.331,70.05,72,75,14.97,broken clouds,0.0,0.0
234,Maxixe,MZ,2022-07-29 05:33:46,-23.8597,35.3472,62.42,94,75,6.91,drizzle,0.0,0.0
235,Salalah,OM,2022-07-29 05:34:44,17.0151,54.0924,78.89,83,75,6.91,broken clouds,0.0,0.0
236,Longyearbyen,SJ,2022-07-29 05:34:44,78.2186,15.6401,46.24,71,75,8.05,broken clouds,0.0,0.0
237,Atambua,ID,2022-07-29 05:34:45,-9.1061,124.8925,81.21,50,96,1.72,overcast clouds,0.0,0.0
238,Sao Filipe,CV,2022-07-29 05:34:45,14.8961,-24.4956,77.34,78,2,11.88,clear sky,0.0,0.0
239,Taltal,CL,2022-07-29 05:34:45,-25.4,-70.4833,57.99,75,65,1.97,broken clouds,0.0,0.0
240,Kampong Thum,KH,2022-07-29 05:34:45,12.7111,104.8887,90.05,63,33,3.69,scattered clouds,0.0,0.0
241,Meulaboh,ID,2022-07-29 05:34:46,4.1363,96.1285,75.4,94,100,3.4,light rain,0.0,0.0
242,Berekum,GH,2022-07-29 05:34:46,7.4534,-2.584,66.92,93,90,6.85,overcast clouds,0.0,0.0
243,Davila,PH,2022-07-29 05:34:46,18.4726,120.5763,87.78,76,69,5.64,broken clouds,0.0,0.0
244,Dongsheng,CN,2022-07-29 05:34:47,39.8161,109.9776,86.09,22,23,18.25,few clouds,0.0,0.0
245,Nara,JP,2022-07-29 05:34:47,34.6851,135.8049,94.37,51,21,7.9,few clouds,0.0,0.0
246,Donji Vakuf,BA,2022-07-29 05:34:47,44.1436,17.4,71.89,56,2,0.63,clear sky,0.0,0.0
247,Torbay,CA,2022-07-29 05:31:04,47.6666,-52.7314,55.27,93,100,9.22,overcast clouds,0.0,0.0
248,Kailua,US,2022-07-29 05:34:48,21.4022,-157.7394,82.38,73,0,8.05,clear sky,0.0,0.0
249,Avarua,CK,2022-07-29 05:34:48,-21.2078,-159.775,75.25,83,75,14.97,broken clouds,0.0,0.0
250,Vardo,NO,2022-07-29 05:34:48,70.3705,31.1107,49.98,76,100,6.91,overcast clouds,0.0,0.0
251,Slupsk,PL,2022-07-29 05:34:49,54.4641,17.0287,58.44,69,28,6.11,scattered clouds,0.0,0.0
252,Aljezur,PT,2022-07-29 05:34:49,37.3191,-8.8033,61.9,91,0,10.54,clear sky,0.0,0.0
253,Abatskoye,RU,2022-07-29 05:34:49,56.2875,70.4555,69.87,67,61,15.99,broken clouds,0.0,0.0
254,North Branch,US,2022-07-29 05:34:50,45.5113,-92.9802,64.38,90,22,6.89,few clouds,0.0,0.0
255,Sitka,US,2022-07-29 05:33:15,57.0531,-135.33,57.09,94,100,9.22,moderate rain,0.0,0.0
256,Xuddur,SO,2022-07-29 05:34:50,4.1213,43.8894,77.52,50,43,19.48,scattered clouds,0.0,0.0
257,Ancud,CL,2022-07-29 05:32:32,-41.8697,-73.8203,44.22,76,97,2.62,overcast clouds,0.0,0.0
258,Ust-Maya,RU,2022-07-29 05:34:51,60.4167,134.5333,89.44,27,0,3.96,clear sky,0.0,0.0
259,Dali,CN,2022-07-29 05:34:51,25.7,100.1833,76.98,63,52,3.69,broken clouds,0.0,0.0
260,Fort Nelson,CA,2022-07-29 05:34:51,58.8053,-122.7002,62.19,94,100,3.44,light rain,0.0,0.0
261,Hithadhoo,MV,2022-07-29 05:34:52,-0.6,73.0833,81.79,75,100,14.0,overcast clouds,0.0,0.0
262,Codrington,AU,2022-07-29 05:32:52,-38.2667,141.9667,52.65,61,25,4.12,scattered clouds,0.0,0.0
263,Vila Franca Do Campo,PT,2022-07-29 05:34:52,37.7167,-25.4333,72.01,91,18,4.07,few clouds,0.0,0.0
264,Shetpe,KZ,2022-07-29 05:34:52,44.1667,52.1167,78.39,52,0,8.7,clear sky,0.0,0.0
265,Richards Bay,ZA,2022-07-29 05:34:53,-28.783,32.0377,67.26,72,2,14.99,clear sky,0.0,0.0
266,Bismarck,US,2022-07-29 05:32:01,46.8083,-100.7837,63.64,66,0,5.75,clear sky,0.0,0.0
267,Grand Gaube,MU,2022-07-29 05:34:53,-20.0064,57.6608,75.38,58,0,7.0,clear sky,0.0,0.0
268,Port Hawkesbury,CA,2022-07-29 05:34:43,45.6169,-61.3485,65.59,98,20,4.0,mist,0.0,0.0
269,Makakilo City,US,2022-07-29 05:34:54,21.3469,-158.0858,80.92,62,0,12.66,clear sky,0.0,0.0
270,Visby,SE,2022-07-29 05:34:54,57.6409,18.296,60.82,67,0,4.61,clear sky,0.0,0.0
271,Tabou,CI,2022-07-29 05:34:54,4.423,-7.3528,74.26,75,88,6.24,overcast clouds,0.0,0.0
272,Acapulco,MX,2022-07-29 05:32:30,16.8634,-99.8901,80.42,78,0,3.44,clear sky,0.0,0.0
273,Udachnyy,RU,2022-07-29 05:33:27,66.4167,112.4,84.45,39,29,7.94,scattered clouds,0.0,0.0
274,Los Llanos De Aridane,ES,2022-07-29 05:34:55,28.6585,-17.9182,67.75,89,0,18.41,clear sky,0.0,0.0
275,Whitianga,NZ,2022-07-29 05:34:55,-36.8333,175.7,54.09,81,6,7.85,clear sky,0.0,0.0
276,Hamza,UZ,2022-07-29 05:34:55,40.4264,71.4956,91.35,13,78,15.9,broken clouds,0.0,0.0
277,Torres,BR,2022-07-29 05:34:56,-29.3353,-49.7269,55.83,83,100,17.78,overcast clouds,0.0,0.0
278,Abeche,TD,2022-07-29 05:35:56,13.8292,20.8324,76.46,76,100,10.63,overcast clouds,0.0,0.0
279,Borovskoy,KZ,2022-07-29 05:35:56,53.8,64.15,62.78,84,100,14.29,overcast clouds,0.0,0.0
280,San Patricio,US,2022-07-29 05:35:57,28.017,-97.5169,85.86,78,45,12.86,scattered clouds,0.0,0.0
281,Dandong,CN,2022-07-29 05:35:57,40.1292,124.3947,82.9,80,31,13.65,scattered clouds,0.0,0.0
282,Moussoro,TD,2022-07-29 05:35:57,13.6408,16.4901,81.79,67,69,13.6,broken clouds,0.0,0.0
283,Bansi,IN,2022-07-29 05:35:58,27.1833,82.9333,91.2,58,97,5.57,overcast clouds,0.0,0.0
284,Mlonggo,ID,2022-07-29 05:35:58,-6.5333,110.7,89.35,49,93,11.12,overcast clouds,0.0,0.0
285,Itaberaba,BR,2022-07-29 05:35:58,-12.5275,-40.3069,62.6,94,53,1.12,broken clouds,0.0,0.0
286,Chilca,PE,2022-07-29 05:35:58,-12.5211,-76.7372,60.03,83,88,4.36,overcast clouds,0.0,0.0
287,Nanganga,TZ,2022-07-29 05:35:59,-10.3833,39.15,73.89,63,22,5.44,few clouds,0.0,0.0
288,Teguise,ES,2022-07-29 05:35:59,29.0605,-13.564,68.22,83,75,19.57,broken clouds,0.0,0.0
289,Caravelas,BR,2022-07-29 05:35:59,-17.7125,-39.2481,66.99,86,17,6.06,few clouds,0.0,0.0
290,Chokurdakh,RU,2022-07-29 05:36:00,70.6333,147.9167,65.03,28,78,15.17,broken clouds,0.0,0.0
291,Kuching,MY,2022-07-29 05:36:00,1.55,110.3333,89.82,70,75,3.44,broken clouds,0.0,0.0
292,Marihatag,PH,2022-07-29 05:36:00,8.7936,126.2969,85.68,73,99,9.66,light rain,0.0,0.0
293,Longhua,CN,2022-07-29 05:36:01,23.6137,114.1919,102.49,35,81,2.35,broken clouds,0.0,0.0
294,Umm Lajj,SA,2022-07-29 05:36:01,25.0213,37.2685,91.24,40,37,8.93,scattered clouds,0.0,0.0
295,Kahului,US,2022-07-29 05:36:01,20.8947,-156.47,80.62,71,20,11.5,few clouds,0.0,0.0
296,Chicama,PE,2022-07-29 05:36:02,-7.8447,-79.1469,57.74,86,29,5.37,scattered clouds,0.0,0.0
297,Padang,ID,2022-07-29 05:31:33,-0.9492,100.3543,80.65,90,95,9.71,overcast clouds,0.0,0.0
298,Chake Chake,TZ,2022-07-29 05:36:02,-5.2459,39.7666,78.1,69,36,9.22,scattered clouds,0.0,0.0
299,Ingham,US,2022-07-29 05:36:02,42.6,-84.3833,64.02,86,0,0.0,clear sky,0.0,0.0
300,Conakry,GN,2022-07-29 05:36:03,9.538,-13.6773,75.27,100,75,13.8,light rain,0.0,0.0
301,Olinda,BR,2022-07-29 05:36:03,-8.0089,-34.8553,73.13,88,40,1.14,scattered clouds,0.0,0.0
302,Port Hardy,CA,2022-07-29 05:36:03,50.6996,-127.4199,62.78,88,0,4.61,clear sky,0.0,0.0
303,Playa Vicente,MX,2022-07-29 05:36:03,17.8333,-95.8167,72.75,95,72,3.87,broken clouds,0.0,0.0
304,Andra,RU,2022-07-29 05:36:04,62.5147,65.8878,77.2,34,4,1.81,clear sky,0.0,0.0
305,Batticaloa,LK,2022-07-29 05:36:04,7.7102,81.6924,79.27,81,100,6.8,overcast clouds,0.0,0.0
306,Kamenka,RU,2022-07-29 05:31:34,51.3223,42.7678,76.66,60,96,6.78,overcast clouds,0.0,0.0
307,Lalmohan,BD,2022-07-29 05:36:05,22.3384,90.7419,88.84,65,48,10.85,scattered clouds,0.0,0.0
308,Nishihara,JP,2022-07-29 05:36:05,26.1842,127.7558,90.68,70,75,10.36,broken clouds,0.0,0.0
309,Barabai,ID,2022-07-29 05:36:05,-2.5833,115.3833,90.63,56,40,2.64,scattered clouds,0.0,0.0
310,Raudeberg,NO,2022-07-29 05:36:05,61.9875,5.1352,54.95,83,100,10.69,overcast clouds,0.0,0.0
311,Kolosovka,RU,2022-07-29 05:36:06,56.4678,73.611,70.09,64,57,15.03,broken clouds,0.0,0.0
312,Coihaique,CL,2022-07-29 05:35:44,-45.5752,-72.0662,44.55,70,100,10.36,overcast clouds,0.0,0.0
313,Cidreira,BR,2022-07-29 05:36:06,-30.1811,-50.2056,51.51,77,80,21.79,broken clouds,0.0,0.0
314,Guerrero Negro,MX,2022-07-29 05:36:07,27.9769,-114.0611,68.32,85,14,11.27,few clouds,0.0,0.0
315,Gornopravdinsk,RU,2022-07-29 05:36:07,60.05,69.9,72.77,44,98,10.8,overcast clouds,0.0,0.0
316,Mount Isa,AU,2022-07-29 05:36:07,-20.7333,139.5,74.97,15,2,12.66,clear sky,0.0,0.0
317,Asuncion,PY,2022-07-29 05:34:28,-25.3007,-57.6359,54.9,94,100,20.71,overcast clouds,0.0,0.0
318,Acarau,BR,2022-07-29 05:36:08,-2.8856,-40.12,75.65,90,92,11.21,overcast clouds,0.0,0.0
319,Bambanglipuro,ID,2022-07-29 05:32:46,-7.95,110.2833,83.23,68,83,15.57,broken clouds,0.0,0.0
320,Zhanakorgan,KZ,2022-07-29 05:36:08,43.9098,67.2495,90.66,26,78,11.63,broken clouds,0.0,0.0
321,Auki,SB,2022-07-29 05:36:08,-8.7676,160.7034,83.05,69,79,3.33,broken clouds,0.0,0.0
322,Katangli,RU,2022-07-29 05:36:09,51.7102,143.2326,64.17,78,84,11.7,broken clouds,0.0,0.0
323,Thinadhoo,MV,2022-07-29 05:32:56,0.5333,72.9333,81.3,76,94,11.83,overcast clouds,0.0,0.0
324,Bani,DO,2022-07-29 05:36:09,18.2833,-70.3333,75.87,77,6,8.88,clear sky,0.0,0.0
325,Along,IN,2022-07-29 05:36:09,28.1667,94.7667,86.92,74,81,2.75,broken clouds,0.0,0.0
326,Waipawa,NZ,2022-07-29 05:36:10,-41.4122,175.5153,49.75,72,21,13.94,few clouds,0.0,0.0
327,Darnah,LY,2022-07-29 05:37:10,32.767,22.6367,80.31,73,0,15.14,clear sky,0.0,0.0
328,Londonderry,GB,2022-07-29 05:32:44,54.9981,-7.3093,53.33,94,0,3.44,clear sky,0.0,0.0
329,Vung Tau,VN,2022-07-29 05:35:41,10.346,107.0843,85.42,69,88,6.17,overcast clouds,0.0,0.0
330,Alofi,NU,2022-07-29 05:37:11,-19.0595,-169.9187,76.89,83,20,11.5,few clouds,0.0,0.0
331,Aksu,CN,2022-07-29 05:37:11,41.1231,80.2644,92.32,19,100,5.73,overcast clouds,0.0,0.0
332,Alyangula,AU,2022-07-29 05:37:11,-13.8483,136.4192,76.64,54,44,13.76,scattered clouds,0.0,0.0
333,Changping,CN,2022-07-29 05:37:12,40.2186,116.2197,87.44,42,18,6.04,few clouds,0.0,0.0
334,Namatanai,PG,2022-07-29 05:37:12,-3.6667,152.4333,83.25,70,64,13.98,broken clouds,0.0,0.0
335,Phonhong,LA,2022-07-29 05:37:12,18.5007,102.4166,92.59,55,100,3.04,overcast clouds,0.0,0.0
336,Naze,JP,2022-07-29 05:37:12,28.3667,129.4833,79.72,89,100,8.41,moderate rain,0.0,0.0
337,Ayan,RU,2022-07-29 05:37:13,56.45,138.1667,62.8,83,100,14.38,overcast clouds,0.0,0.0
338,Skjervoy,NO,2022-07-29 05:37:13,70.0311,20.9714,55.4,76,100,2.71,overcast clouds,0.0,0.0
339,Vanimo,PG,2022-07-29 05:37:13,-2.6741,141.3028,83.91,71,94,10.29,overcast clouds,0.0,0.0
340,Pangnirtung,CA,2022-07-29 05:37:14,66.1451,-65.7125,51.46,74,92,2.95,light rain,0.0,0.0
341,Rio Grande,BR,2022-07-29 05:37:14,-32.035,-52.0986,49.95,78,66,21.56,broken clouds,0.0,0.0
342,Tomatlan,MX,2022-07-29 05:37:14,19.9333,-105.25,74.32,92,92,2.77,overcast clouds,0.0,0.0
343,Severo-Kurilsk,RU,2022-07-29 05:37:15,50.6789,156.125,55.15,90,99,11.99,overcast clouds,0.0,0.0
344,Cabo San Lucas,MX,2022-07-29 05:37:15,22.8909,-109.9124,85.6,64,17,3.0,few clouds,0.0,0.0
345,Margate,GB,2022-07-29 05:35:56,51.3813,1.3862,63.7,89,45,3.0,scattered clouds,0.0,0.0
346,Poum,NC,2022-07-29 05:37:15,-20.2333,164.0167,72.19,73,99,11.23,overcast clouds,0.0,0.0
347,Bonavista,CA,2022-07-29 05:37:16,48.6499,-53.1147,54.0,88,99,11.07,overcast clouds,0.0,0.0
348,Vallenar,CL,2022-07-29 05:37:16,-28.5708,-70.7581,58.55,54,100,1.48,overcast clouds,0.0,0.0
349,Arak,IR,2022-07-29 05:37:16,34.0917,49.6892,80.42,50,1,7.07,clear sky,0.0,0.0
350,Gornozavodsk,RU,2022-07-29 05:37:17,58.3758,58.3211,70.97,42,1,6.85,clear sky,0.0,0.0
351,Carutapera,BR,2022-07-29 05:37:17,-1.195,-46.02,75.67,90,12,4.81,few clouds,0.0,0.0
352,Tutoia,BR,2022-07-29 05:37:17,-2.7619,-42.2744,76.98,83,85,8.03,overcast clouds,0.0,0.0
353,Lata,PT,2022-07-29 05:37:18,40.1629,-8.3327,56.75,95,22,2.98,few clouds,0.0,0.0
354,Teluk Nibung,ID,2022-07-29 05:37:18,3.001,99.8164,85.28,67,96,6.71,overcast clouds,0.0,0.0
355,Buin,CL,2022-07-29 05:37:18,-33.7333,-70.75,63.43,35,0,1.12,clear sky,0.0,0.0
356,Mirabad,AF,2022-07-29 05:37:19,30.4362,61.8383,98.1,15,100,20.67,overcast clouds,0.0,0.0
357,Nouadhibou,MR,2022-07-29 05:37:19,20.931,-17.0347,70.5,83,24,22.44,few clouds,0.0,0.0
358,Kloulklubed,PW,2022-07-29 05:37:19,7.0419,134.2556,86.5,77,100,11.03,light rain,0.0,0.0
359,Byron Bay,AU,2022-07-29 05:37:20,-28.65,153.6167,66.7,57,1,5.39,clear sky,0.0,0.0
360,Kirgiz-Miyaki,RU,2022-07-29 05:37:20,53.6324,54.7979,68.54,57,9,9.53,clear sky,0.0,0.0
361,Vokhtoga,RU,2022-07-29 05:37:20,58.8147,41.0461,65.59,93,82,1.23,light rain,0.0,0.0
362,Bathsheba,BB,2022-07-29 05:37:21,13.2167,-59.5167,81.21,86,75,11.5,broken clouds,0.0,0.0
363,Juan Aldama,MX,2022-07-29 05:34:03,24.2908,-103.3944,67.28,58,95,6.44,overcast clouds,0.0,0.0
364,Mut,TR,2022-07-29 05:37:21,36.6439,33.4389,91.4,15,0,3.89,clear sky,0.0,0.0
365,Sunland Park,US,2022-07-29 05:37:21,31.7965,-106.58,87.91,38,100,17.27,overcast clouds,0.0,0.0
366,Gizo,SB,2022-07-29 05:37:22,-8.103,156.8419,83.12,72,90,7.96,light rain,0.0,0.0
367,Tessalit,ML,2022-07-29 05:37:22,20.1986,1.0114,81.45,48,96,14.5,overcast clouds,0.0,0.0
368,Havre-Saint-Pierre,CA,2022-07-29 05:37:22,50.2334,-63.5986,59.36,94,100,10.36,overcast clouds,0.0,0.0
369,Klyuchi,RU,2022-07-29 05:37:23,52.2667,79.1667,85.42,29,35,12.33,scattered clouds,0.0,0.0
370,Azul,AR,2022-07-29 05:34:33,-36.777,-59.8585,41.34,68,4,7.43,clear sky,0.0,0.0
371,Mariental,NA,2022-07-29 05:37:23,-24.6333,17.9667,55.04,30,3,6.62,clear sky,0.0,0.0
372,Qaqortoq,GL,2022-07-29 05:37:23,60.7167,-46.0333,43.74,78,86,3.65,overcast clouds,0.0,0.0
373,Komsomolets,KZ,2022-07-29 05:37:24,53.7453,62.0708,64.63,74,100,14.67,overcast clouds,0.0,0.0
374,Santiago Del Estero,AR,2022-07-29 05:37:24,-27.7951,-64.2615,54.25,56,8,5.91,clear sky,0.0,0.0
375,Goderich,CA,2022-07-29 05:38:24,43.7501,-81.7165,60.91,94,12,0.0,few clouds,0.0,0.0
376,Celestun,MX,2022-07-29 05:38:25,20.8667,-90.4,80.37,79,93,15.35,overcast clouds,0.0,0.0
377,Nanakuli,US,2022-07-29 05:38:25,21.3906,-158.1547,82.35,63,0,8.05,clear sky,0.0,0.0
378,Oriximina,BR,2022-07-29 05:38:25,-1.7656,-55.8661,74.59,84,42,3.78,scattered clouds,0.0,0.0
379,Kaduqli,SD,2022-07-29 05:38:25,11.0167,29.7167,72.72,87,94,5.41,overcast clouds,0.0,0.0
380,Mayo,US,2022-07-29 05:36:20,38.8876,-76.5119,77.95,92,0,0.0,clear sky,0.0,0.0
381,Suwalki,PL,2022-07-29 05:34:20,54.1118,22.9309,57.81,78,5,4.56,clear sky,0.0,0.0
382,Amurzet,RU,2022-07-29 05:38:26,47.6967,131.0981,87.69,55,84,8.32,broken clouds,0.0,0.0
383,North Bend,US,2022-07-29 05:38:26,43.4065,-124.2243,60.93,94,75,9.22,broken clouds,0.0,0.0
384,Tierranueva,MX,2022-07-29 05:38:27,21.6833,-100.5667,61.83,91,72,5.97,broken clouds,0.0,0.0
385,Nyurba,RU,2022-07-29 05:38:27,63.2842,118.3319,88.11,33,15,11.86,few clouds,0.0,0.0
386,Northam,GB,2022-07-29 05:38:27,51.0333,-4.2167,57.61,86,33,3.91,scattered clouds,0.0,0.0
387,Korla,CN,2022-07-29 05:38:28,41.7597,86.1469,95.81,15,83,13.71,broken clouds,0.0,0.0
388,Bukoba,TZ,2022-07-29 05:38:28,-1.3317,31.8122,74.17,58,83,2.24,broken clouds,0.0,0.0
389,Saint Anthony,US,2022-07-29 05:38:28,45.0205,-93.218,65.82,75,0,6.91,clear sky,0.0,0.0
390,Talovaya,RU,2022-07-29 05:38:29,51.1144,40.73,74.59,70,38,8.48,scattered clouds,0.0,0.0
391,Komsomolskiy,UZ,2022-07-29 05:38:29,40.4272,71.7189,90.32,18,89,13.8,overcast clouds,0.0,0.0
392,San-Pedro,CI,2022-07-29 05:38:29,4.7485,-6.6363,73.71,77,81,5.12,broken clouds,0.0,0.0
393,Salo,IT,2022-07-29 05:38:29,45.6086,10.531,73.8,71,74,4.05,moderate rain,0.0,0.0
394,Chifeng,CN,2022-07-29 05:38:30,42.2683,118.9636,78.33,59,100,4.97,overcast clouds,0.0,0.0
395,Kysyl-Syr,RU,2022-07-29 05:38:30,63.8986,122.7617,90.19,32,0,6.98,clear sky,0.0,0.0
396,Puerto Ayacucho,VE,2022-07-29 05:38:31,5.6639,-67.6236,72.05,96,84,2.46,moderate rain,0.0,0.0
397,Kristiansund,NO,2022-07-29 05:38:31,63.1115,7.732,56.05,71,0,4.61,clear sky,0.0,0.0
398,Harrison,US,2022-07-29 05:38:31,30.4091,-89.0436,78.87,94,0,0.0,clear sky,0.0,0.0
399,Grindavik,IS,2022-07-29 05:38:31,63.8424,-22.4338,48.15,81,75,3.44,broken clouds,0.0,0.0
400,Kayes,ML,2022-07-29 05:38:32,14.0,-11.0,76.19,78,98,12.91,overcast clouds,0.0,0.0
401,Eisiskes,LT,2022-07-29 05:38:32,54.1667,25.0,60.26,80,5,3.53,clear sky,0.0,0.0
402,Linhares,BR,2022-07-29 05:38:32,-19.3911,-40.0722,63.73,97,5,4.45,clear sky,0.0,0.0
403,Lokosovo,RU,2022-07-29 05:38:33,61.1333,74.8167,71.91,48,33,10.74,scattered clouds,0.0,0.0
404,Upata,VE,2022-07-29 05:38:33,8.0086,-62.3989,74.19,98,64,2.8,broken clouds,0.0,0.0
405,Shingu,JP,2022-07-29 05:38:33,33.7333,135.9833,84.76,71,39,6.78,scattered clouds,0.0,0.0
406,Aranos,NA,2022-07-29 05:38:34,-24.1333,19.1167,57.79,26,93,3.76,overcast clouds,0.0,0.0
407,Rocha,UY,2022-07-29 05:38:34,-34.4833,-54.3333,48.67,93,100,21.39,overcast clouds,0.0,0.0
408,Yanam,IN,2022-07-29 05:38:34,16.7333,82.2167,94.66,50,24,2.77,few clouds,0.0,0.0
409,Sindor,RU,2022-07-29 05:38:35,62.8629,51.8905,75.2,44,13,5.88,few clouds,0.0,0.0
410,Berlevag,NO,2022-07-29 05:38:35,70.8578,29.0864,51.8,76,40,8.05,scattered clouds,0.0,0.0
411,Muscat,OM,2022-07-29 05:36:54,23.6139,58.5922,87.82,73,69,6.53,broken clouds,0.0,0.0
412,Namibe,AO,2022-07-29 05:38:35,-15.1961,12.1522,59.88,80,43,5.35,scattered clouds,0.0,0.0
413,Yerbogachen,RU,2022-07-29 05:38:36,61.2767,108.0108,73.89,72,96,6.4,light rain,0.0,0.0
414,Chebenki,RU,2022-07-29 05:38:36,51.9337,55.7077,71.35,50,63,9.06,broken clouds,0.0,0.0
415,Cap Malheureux,MU,2022-07-29 05:38:36,-19.9842,57.6142,75.47,58,0,7.0,clear sky,0.0,0.0
416,Shumskiy,RU,2022-07-29 05:38:37,54.8318,99.1328,66.15,82,100,3.51,light rain,0.0,0.0
417,Calatagan,PH,2022-07-29 05:38:37,13.8833,120.65,84.81,74,98,14.25,overcast clouds,0.0,0.0
418,Havoysund,NO,2022-07-29 05:38:37,70.9963,24.6622,52.03,74,98,11.97,overcast clouds,0.0,0.0
419,Abrego,CO,2022-07-29 05:38:38,8.0807,-73.2205,62.31,91,100,2.91,overcast clouds,0.0,0.0
420,Akyab,MM,2022-07-29 05:38:38,20.15,92.9,87.19,69,36,7.4,scattered clouds,0.0,0.0
421,Ninghai,CN,2022-07-29 05:38:38,29.2892,121.4247,87.57,70,45,5.73,scattered clouds,0.0,0.0
422,Teshie,GH,2022-07-29 05:39:39,5.5836,-0.1072,75.76,83,20,14.97,few clouds,0.0,0.0
423,Galesong,ID,2022-07-29 05:39:39,-5.3166,119.3661,87.82,67,87,10.74,overcast clouds,0.0,0.0
424,Onokhoy,RU,2022-07-29 05:39:39,51.932,108.0747,77.72,32,69,1.97,broken clouds,0.0,0.0
425,Esmeralda,CU,2022-07-29 05:39:40,21.8525,-78.1169,75.52,86,2,8.05,light rain,0.0,0.0
426,Adrar,MR,2022-07-29 05:39:40,20.5022,-10.0711,87.44,39,46,20.74,scattered clouds,0.0,0.0
427,Puerto Del Rosario,ES,2022-07-29 05:39:40,28.5004,-13.8627,73.15,78,75,19.57,broken clouds,0.0,0.0
428,Vilcun,CL,2022-07-29 05:39:41,-38.65,-72.2333,34.54,98,5,2.64,clear sky,0.0,0.0
429,Rabo De Peixe,PT,2022-07-29 05:39:41,37.8,-25.5833,71.11,83,75,4.61,broken clouds,0.0,0.0
430,Baculin,PH,2022-07-29 05:39:41,7.4525,126.5842,85.86,76,100,10.18,overcast clouds,0.0,0.0
431,Christchurch,NZ,2022-07-29 05:39:41,-43.5333,172.6333,50.2,76,20,8.05,few clouds,0.0,0.0
432,Ishinomaki,JP,2022-07-29 05:39:42,38.4167,141.3,82.4,79,82,7.49,broken clouds,0.0,0.0
433,Sur,OM,2022-07-29 05:39:42,22.5667,59.5289,86.85,61,60,10.65,broken clouds,0.0,0.0
434,Kiunga,PG,2022-07-29 05:39:42,-6.1219,141.2906,80.49,94,97,3.42,overcast clouds,0.0,0.0
435,Bonthe,SL,2022-07-29 05:39:43,7.5264,-12.505,74.77,73,22,7.29,few clouds,0.0,0.0
436,Half Moon Bay,US,2022-07-29 05:39:43,37.4636,-122.4286,64.06,89,100,11.5,mist,0.0,0.0
437,Hearst,CA,2022-07-29 05:39:43,49.6835,-83.6665,55.65,98,100,10.2,moderate rain,0.0,0.0
438,Cabedelo,BR,2022-07-29 05:35:45,-6.9811,-34.8339,72.27,82,22,7.85,few clouds,0.0,0.0
439,Zhigansk,RU,2022-07-29 05:39:44,66.7697,123.3711,81.37,41,94,3.15,overcast clouds,0.0,0.0
440,Vila,PT,2022-07-29 05:39:44,42.0304,-8.1588,52.68,90,0,4.27,clear sky,0.0,0.0
441,Najran,SA,2022-07-29 05:39:44,17.4924,44.1277,86.65,25,41,1.14,scattered clouds,0.0,0.0
442,Agirish,RU,2022-07-29 05:39:45,61.9247,63.0231,77.58,31,0,1.45,clear sky,0.0,0.0
443,Sakakah,SA,2022-07-29 05:39:03,29.9697,40.2064,96.37,10,9,6.2,clear sky,0.0,0.0
444,Wageningen,NL,2022-07-29 05:39:45,51.9667,5.6667,60.12,89,100,8.05,overcast clouds,0.0,0.0
445,Brownsville,US,2022-07-29 05:39:34,25.9018,-97.4975,83.08,83,25,5.01,scattered clouds,0.0,0.0
446,Lima,PE,2022-07-29 05:35:27,-12.0432,-77.0282,57.9,90,100,3.44,overcast clouds,0.0,0.0
447,Golden,US,2022-07-29 05:39:46,39.7555,-105.2211,66.07,79,0,6.91,clear sky,0.0,0.0
448,Abu Dhabi,AE,2022-07-29 05:35:55,24.4667,54.3667,89.71,60,0,10.36,clear sky,0.0,0.0
449,Egvekinot,RU,2022-07-29 05:39:46,66.3167,-179.1667,46.26,75,95,3.78,overcast clouds,0.0,0.0
450,Fukue,JP,2022-07-29 05:39:46,32.6881,128.8419,89.96,58,20,8.05,few clouds,0.0,0.0
451,Krasnogorsk,RU,2022-07-29 05:39:47,55.8225,37.3181,64.74,75,0,11.18,clear sky,0.0,0.0
452,Shawville,CA,2022-07-29 05:39:47,45.6001,-76.4827,65.82,72,3,8.66,clear sky,0.0,0.0
453,Bajil,YE,2022-07-29 05:39:47,15.0584,43.2851,94.12,49,63,7.34,broken clouds,0.0,0.0
454,Presidencia Roque Saenz Pena,AR,2022-07-29 05:39:48,-26.7852,-60.4388,48.15,62,12,5.7,light rain,0.0,0.0
455,Avera,US,2022-07-29 05:39:48,33.194,-82.5271,80.11,69,100,6.91,overcast clouds,0.0,0.0
456,Vostok,RU,2022-07-29 05:39:48,46.4856,135.8833,87.42,44,100,4.74,overcast clouds,0.0,0.0
457,Manadhoo,MV,2022-07-29 05:39:49,5.7667,73.3833,79.92,81,100,17.87,overcast clouds,0.0,0.0
458,Hofn,IS,2022-07-29 05:39:49,64.2539,-15.2082,52.07,84,100,3.53,overcast clouds,0.0,0.0
459,Dilla,ET,2022-07-29 05:39:49,6.41,38.31,68.29,68,95,2.8,overcast clouds,0.0,0.0
460,Puerto Leguizamo,CO,2022-07-29 05:39:49,-0.1934,-74.7819,67.3,99,89,1.14,overcast clouds,0.0,0.0
461,San Rafael,AR,2022-07-29 05:39:50,-34.6177,-68.3301,50.02,22,0,5.28,clear sky,0.0,0.0
462,Ahar,IR,2022-07-29 05:39:50,38.4774,47.0699,72.41,63,33,7.87,scattered clouds,0.0,0.0
463,Bochnia,PL,2022-07-29 05:39:50,49.9691,20.4303,67.37,80,76,7.18,broken clouds,0.0,0.0
464,Tarakan,ID,2022-07-29 05:39:51,3.3,117.6333,87.3,70,40,4.61,light rain,0.0,0.0
465,Dudinka,RU,2022-07-29 05:39:51,69.4058,86.1778,69.62,49,2,6.96,clear sky,0.0,0.0
466,Omboue,GA,2022-07-29 05:39:51,-1.5746,9.2618,70.36,84,50,4.54,scattered clouds,0.0,0.0
467,Mount Gambier,AU,2022-07-29 05:39:52,-37.8333,140.7667,53.62,56,63,3.11,broken clouds,0.0,0.0
468,Holland,US,2022-07-29 05:40:52,42.7875,-86.1089,69.06,89,0,0.0,clear sky,0.0,0.0
469,Rawson,AR,2022-07-29 05:40:53,-43.3002,-65.1023,45.97,59,1,11.3,clear sky,0.0,0.0
470,Tignere,CM,2022-07-29 05:40:53,7.3667,12.65,63.68,98,100,2.13,light rain,0.0,0.0
471,Ulladulla,AU,2022-07-29 05:40:53,-35.35,150.4667,54.86,54,10,13.04,clear sky,0.0,0.0
472,Wellington,NZ,2022-07-29 05:39:47,-41.2866,174.7756,56.86,80,20,17.27,few clouds,0.0,0.0
473,Matagami,CA,2022-07-29 05:40:54,49.7502,-77.6328,57.31,94,100,5.75,light rain,0.0,0.0
474,Bosaso,SO,2022-07-29 05:40:54,11.2842,49.1816,94.98,31,0,27.63,clear sky,0.0,0.0
475,Iracoubo,GF,2022-07-29 05:40:54,5.4802,-53.2011,75.49,90,73,5.91,broken clouds,0.0,0.0
476,Huarmey,PE,2022-07-29 05:40:54,-10.0681,-78.1522,60.93,86,41,8.01,scattered clouds,0.0,0.0
477,Sandur,IN,2022-07-29 05:40:55,15.1,76.55,88.7,48,3,5.68,clear sky,0.0,0.0
478,Yumen,CN,2022-07-29 05:40:55,40.2833,97.2,92.3,9,25,6.35,scattered clouds,0.0,0.0
479,Brae,GB,2022-07-29 05:40:55,60.3964,-1.353,54.99,83,90,11.83,overcast clouds,0.0,0.0
480,Viedma,AR,2022-07-29 05:40:56,-40.8135,-62.9967,47.17,62,1,8.66,clear sky,0.0,0.0
481,Cherskiy,RU,2022-07-29 05:40:56,68.75,161.3,62.46,38,60,13.56,broken clouds,0.0,0.0
482,Pangkalanbuun,ID,2022-07-29 05:40:56,-2.6833,111.6167,83.48,82,79,4.27,broken clouds,0.0,0.0
483,Bemidji,US,2022-07-29 05:39:08,47.4736,-94.8803,57.06,100,40,0.0,scattered clouds,0.0,0.0
484,Lagos,NG,2022-07-29 05:40:57,6.5833,3.75,73.6,91,100,3.91,light rain,0.0,0.0
485,Jiangyou,CN,2022-07-29 05:40:57,31.7667,104.7167,88.21,62,43,5.55,scattered clouds,0.0,0.0
486,Ekibastuz,KZ,2022-07-29 05:40:58,51.6667,75.3667,75.47,49,94,2.26,overcast clouds,0.0,0.0
487,Valdivia,CL,2022-07-29 05:40:58,-39.8142,-73.2459,42.89,98,4,2.37,clear sky,0.0,0.0
488,Gravdal,NO,2022-07-29 05:40:58,68.1214,13.5031,51.69,100,75,11.5,mist,0.0,0.0
489,Chapais,CA,2022-07-29 05:40:58,49.7834,-74.8492,56.98,98,71,4.68,broken clouds,0.0,0.0
490,Vanderbijlpark,ZA,2022-07-29 05:40:59,-26.7117,27.838,51.35,63,1,6.11,clear sky,0.0,0.0
491,Bukachacha,RU,2022-07-29 05:40:59,52.9833,116.9167,70.3,58,77,8.63,light rain,0.0,0.0
492,Rudolstadt,DE,2022-07-29 05:40:59,50.7167,11.3333,66.2,55,93,2.1,overcast clouds,0.0,0.0
493,Cancun,MX,2022-07-29 05:39:39,21.1743,-86.8466,82.33,83,40,6.91,scattered clouds,0.0,0.0
494,Sinnamary,GF,2022-07-29 05:41:00,5.3833,-52.95,76.3,89,88,6.24,overcast clouds,0.0,0.0
495,Olsztyn,PL,2022-07-29 05:41:00,53.7799,20.4942,58.96,72,43,4.54,scattered clouds,0.0,0.0
496,Andenes,NO,2022-07-29 05:41:00,69.3143,16.1194,53.58,76,75,12.66,broken clouds,0.0,0.0
497,Krasnoselkup,RU,2022-07-29 05:41:01,65.7,82.4667,71.78,48,0,15.3,clear sky,0.0,0.0
498,Carmen,MX,2022-07-29 05:41:01,18.6333,-91.8333,81.57,82,65,11.12,broken clouds,0.0,0.0
499,Windhoek,NA,2022-07-29 05:40:51,-22.5594,17.0832,50.2,39,0,5.75,clear sky,0.0,0.0
500,Hami,CN,2022-07-29 05:41:02,42.8,93.45,97.84,12,100,7.34,overcast clouds,0.0,0.0
501,Cayenne,GF,2022-07-29 05:41:02,4.9333,-52.3333,76.08,1,0,2.3,clear sky,0.0,0.0
502,Santa Maria,BR,2022-07-29 05:41:02,-29.6842,-53.8069,46.87,94,35,5.91,scattered clouds,0.0,0.0
503,Requena,ES,2022-07-29 05:41:03,39.4883,-1.1004,68.79,87,19,0.69,few clouds,0.0,0.0
504,Mishan,CN,2022-07-29 05:41:03,45.55,131.8833,84.2,67,63,10.2,broken clouds,0.0,0.0
505,Houma,US,2022-07-29 05:41:03,29.5958,-90.7195,78.01,94,0,0.0,clear sky,0.0,0.0
506,Ambon,ID,2022-07-29 05:41:04,-3.6954,128.1814,80.74,83,40,6.91,moderate rain,0.0,0.0
507,Sept-Iles,CA,2022-07-29 05:40:48,50.2001,-66.3821,60.06,93,100,17.27,overcast clouds,0.0,0.0
508,Yatou,CN,2022-07-29 05:41:04,37.15,122.3833,84.22,70,86,8.32,overcast clouds,0.0,0.0
509,Ulaangom,MN,2022-07-29 05:41:06,49.9811,92.0667,75.7,31,46,7.49,scattered clouds,0.0,0.0
510,Bairnsdale,AU,2022-07-29 05:41:06,-37.8333,147.6167,55.06,54,56,3.0,broken clouds,0.0,0.0
511,Solnechnyy,RU,2022-07-29 05:42:06,50.7214,136.6319,76.87,77,100,4.85,overcast clouds,0.0,0.0
512,Opuwo,NA,2022-07-29 05:42:07,-18.0607,13.84,55.67,43,16,2.35,few clouds,0.0,0.0
513,Methoni,GR,2022-07-29 05:42:07,36.8197,21.7049,82.22,51,0,0.6,clear sky,0.0,0.0
514,Mahajanga,MG,2022-07-29 05:42:07,-15.7167,46.3167,78.82,53,20,12.66,few clouds,0.0,0.0
515,Calatayud,ES,2022-07-29 05:42:08,41.3535,-1.6432,67.35,54,0,3.42,clear sky,0.0,0.0
516,Damietta,EG,2022-07-29 05:42:08,31.4165,31.8133,82.29,58,1,4.63,clear sky,0.0,0.0
517,Westport,US,2022-07-29 05:42:08,41.1415,-73.3579,81.01,88,100,9.22,overcast clouds,0.0,0.0
518,Kushmurun,KZ,2022-07-29 05:42:09,52.4503,64.6311,59.9,93,100,13.13,light rain,0.0,0.0
519,Hilotongan,PH,2022-07-29 05:42:09,11.144,123.6426,85.3,71,100,7.43,heavy intensity rain,0.0,0.0
520,Mareeba,AU,2022-07-29 05:42:10,-17.0,145.4333,74.44,57,3,7.09,clear sky,0.0,0.0
521,Parana,AR,2022-07-29 05:42:10,-31.732,-60.5238,45.57,70,0,7.65,clear sky,0.0,0.0
522,Norton,ZW,2022-07-29 05:40:33,-17.8833,30.7,52.38,38,0,5.79,clear sky,0.0,0.0
523,Kissidougou,GN,2022-07-29 05:42:11,9.1848,-10.0999,66.78,95,92,6.02,overcast clouds,0.0,0.0
524,Moron,AR,2022-07-29 05:42:11,-34.6534,-58.6198,46.96,81,1,7.29,clear sky,0.0,0.0
525,Astoria,US,2022-07-29 05:42:11,46.1879,-123.8313,60.57,92,75,3.44,broken clouds,0.0,0.0
526,Puerto Escondido,MX,2022-07-29 05:42:12,15.85,-97.0667,78.01,87,97,4.27,overcast clouds,0.0,0.0
527,Quesnel,CA,2022-07-29 05:39:42,52.9999,-122.5029,70.3,64,40,0.0,scattered clouds,0.0,0.0
528,Umm Kaddadah,SD,2022-07-29 05:42:12,13.6017,26.6876,78.62,67,99,10.98,overcast clouds,0.0,0.0
529,Jawhar,SO,2022-07-29 05:42:12,2.7809,45.5005,79.88,67,65,15.35,broken clouds,0.0,0.0
530,Qasigiannguit,GL,2022-07-29 05:42:13,68.8193,-51.1922,46.65,73,93,1.21,overcast clouds,0.0,0.0
531,Paamiut,GL,2022-07-29 05:42:13,61.994,-49.6678,42.33,86,100,4.63,overcast clouds,0.0,0.0
532,Sola,VU,2022-07-29 05:42:13,-13.8833,167.55,80.42,76,95,10.29,light rain,0.0,0.0
533,Igdir,TR,2022-07-29 05:42:14,39.9237,44.045,83.39,36,0,8.05,clear sky,0.0,0.0
534,Roebourne,AU,2022-07-29 05:42:14,-20.7833,117.1333,79.0,22,16,10.89,few clouds,0.0,0.0
535,Altamirano,MX,2022-07-29 05:42:15,16.8833,-92.15,56.55,100,89,1.19,overcast clouds,0.0,0.0
536,Balkanabat,TM,2022-07-29 05:42:15,39.5108,54.3671,86.95,48,0,9.06,clear sky,0.0,0.0
537,Basti,IN,2022-07-29 05:42:16,26.8,82.7167,94.21,52,80,3.89,broken clouds,0.0,0.0
538,Manaus,BR,2022-07-29 05:37:57,-3.1019,-60.025,82.89,69,0,6.91,clear sky,0.0,0.0
539,Praia,CV,2022-07-29 05:42:16,14.9215,-23.5087,79.34,69,20,11.5,few clouds,0.0,0.0
540,Yarmouth,US,2022-07-29 05:42:16,41.7057,-70.2286,77.05,92,100,5.75,overcast clouds,0.0,0.0
541,Ngorongoro,TZ,2022-07-29 05:42:17,-3.2397,35.4875,52.92,74,87,6.55,overcast clouds,0.0,0.0
542,Calbuco,CL,2022-07-29 05:42:17,-41.768,-73.1273,34.81,80,35,3.51,scattered clouds,0.0,0.0
543,Paralimni,CY,2022-07-29 05:42:19,35.0375,33.9833,86.88,83,0,5.99,clear sky,0.0,0.0
544,Bisira,PA,2022-07-29 05:42:20,8.5196,-81.7115,58.14,94,97,4.29,overcast clouds,0.0,0.0
545,Lavrentiya,RU,2022-07-29 05:42:20,65.5833,-171.0,45.57,87,97,5.55,overcast clouds,0.0,0.0
546,Loukhi,RU,2022-07-29 05:42:20,66.0764,33.0381,51.75,81,100,11.12,light rain,0.0,0.0
547,Moirang,IN,2022-07-29 05:42:21,24.5,93.7667,88.59,55,98,2.39,overcast clouds,0.0,0.0
548,Afsin,TR,2022-07-29 05:42:21,38.2477,36.914,80.24,19,0,2.59,clear sky,0.0,0.0
549,Parati,BR,2022-07-29 05:42:21,-23.2178,-44.7131,73.0,50,45,6.42,scattered clouds,0.0,0.0
550,Port-Cartier,CA,2022-07-29 05:42:22,50.0334,-66.8654,59.76,95,99,15.23,overcast clouds,0.0,0.0
551,Bac,RS,2022-07-29 05:42:22,45.3919,19.2367,68.0,41,36,3.06,scattered clouds,0.0,0.0
552,Xushan,CN,2022-07-29 05:42:22,30.1764,121.2457,93.13,63,1,15.48,clear sky,0.0,0.0
553,Lazaro Cardenas,MX,2022-07-29 05:42:23,17.9583,-102.2,77.83,84,55,3.56,broken clouds,0.0,0.0
554,Santa Fe,AR,2022-07-29 05:42:23,-31.6333,-60.7,46.02,68,0,4.0,light rain,0.0,0.0
555,Cururupu,BR,2022-07-29 05:39:30,-1.8283,-44.8683,73.99,93,21,3.04,few clouds,0.0,0.0
556,Tautira,PF,2022-07-29 05:42:24,-17.7333,-149.15,78.04,77,21,24.4,light rain,0.0,0.0
557,Marawi,PH,2022-07-29 05:43:24,7.9986,124.2928,79.54,76,100,4.16,overcast clouds,0.0,0.0
558,Mandalgovi,MN,2022-07-29 05:43:24,45.7625,106.2708,80.51,21,27,12.84,scattered clouds,0.0,0.0
559,Goya,AR,2022-07-29 05:40:51,-29.14,-59.2626,46.35,65,0,5.39,clear sky,0.0,0.0
560,Asau,RO,2022-07-29 05:43:25,46.4333,26.4,72.95,95,68,3.15,broken clouds,0.0,0.0
561,Akdepe,TM,2022-07-29 05:43:25,42.0551,59.3788,84.29,31,58,11.01,broken clouds,0.0,0.0
562,Southbridge,US,2022-07-29 05:43:26,42.0751,-72.0334,73.36,97,39,3.65,scattered clouds,0.0,0.0
563,Kazanskoye,RU,2022-07-29 05:43:26,55.6448,69.235,65.28,83,100,14.5,overcast clouds,0.0,0.0
564,Thunder Bay,CA,2022-07-29 05:43:26,48.4001,-89.3168,58.98,82,40,6.91,scattered clouds,0.0,0.0
565,Mahanoro,MG,2022-07-29 05:43:26,-19.9,48.8,68.61,89,91,5.59,light rain,0.0,0.0
566,Poya,NC,2022-07-29 05:43:27,-21.35,165.15,71.64,74,53,7.49,broken clouds,0.0,0.0
567,Tsiroanomandidy,MG,2022-07-29 05:43:27,-18.7667,46.0333,70.61,52,82,8.81,broken clouds,0.0,0.0
568,Isabela,PH,2022-07-29 05:43:28,6.7085,121.9711,87.85,78,100,1.57,overcast clouds,0.0,0.0
569,Madang,PG,2022-07-29 05:43:28,-5.2246,145.7966,84.13,72,50,9.6,scattered clouds,0.0,0.0
570,Tazovskiy,RU,2022-07-29 05:43:29,67.4667,78.7,62.46,74,79,9.31,broken clouds,0.0,0.0
571,Santiago,CL,2022-07-29 05:40:17,-33.4569,-70.6483,62.55,48,0,0.0,clear sky,0.0,0.0
572,Veracruz,MX,2022-07-29 05:43:03,19.3333,-96.6667,68.77,94,77,4.88,broken clouds,0.0,0.0
573,Puerto Madryn,AR,2022-07-29 05:43:29,-42.7692,-65.0385,46.71,57,0,17.92,clear sky,0.0,0.0
574,Hohhot,CN,2022-07-29 05:39:03,40.8106,111.6522,82.69,39,20,11.18,few clouds,0.0,0.0
575,Agadir,MA,2022-07-29 05:43:30,30.4202,-9.5982,66.65,82,0,2.59,clear sky,0.0,0.0
576,Svetlogorsk,BY,2022-07-29 05:43:30,52.6333,29.7333,64.29,64,12,5.37,few clouds,0.0,0.0
577,Homer,US,2022-07-29 05:43:30,59.6425,-151.5483,60.69,67,0,6.91,clear sky,0.0,0.0
578,Katobu,ID,2022-07-29 05:43:31,-4.9408,122.5276,86.09,48,63,8.77,broken clouds,0.0,0.0
579,Sioux Lookout,CA,2022-07-29 05:42:45,50.1001,-91.917,57.27,88,75,6.91,broken clouds,0.0,0.0
580,Concepcion Del Oro,MX,2022-07-29 05:43:31,24.6333,-101.4167,60.46,68,45,7.11,scattered clouds,0.0,0.0
581,Orapa,BW,2022-07-29 05:40:45,-21.2833,25.3667,53.87,54,1,10.58,clear sky,0.0,0.0
582,Aleysk,RU,2022-07-29 05:43:32,52.4926,82.7822,84.29,30,67,9.46,broken clouds,0.0,0.0
583,Tura,IN,2022-07-29 05:43:32,25.5198,90.2201,85.24,72,74,4.29,light rain,0.0,0.0
584,Sinop,TR,2022-07-29 05:43:33,41.7711,34.8709,64.83,41,0,4.76,light rain,0.0,0.0
585,Siocon,PH,2022-07-29 05:43:33,7.7061,122.1353,83.55,79,97,7.25,overcast clouds,0.0,0.0
586,Contamana,PE,2022-07-29 05:43:33,-7.3333,-75.0167,74.86,76,82,1.48,broken clouds,0.0,0.0
587,Mitsamiouli,KM,2022-07-29 05:43:34,-11.3847,43.2844,77.29,73,75,8.05,broken clouds,0.0,0.0
588,Touros,BR,2022-07-29 05:43:34,-5.1989,-35.4608,73.54,89,88,10.33,overcast clouds,0.0,0.0
589,Rock Springs,US,2022-07-29 05:43:34,41.5875,-109.2029,65.05,82,0,14.97,clear sky,0.0,0.0
590,Marsa Matruh,EG,2022-07-29 05:43:35,31.3525,27.2453,77.2,78,0,4.61,clear sky,0.0,0.0
591,Piacabucu,BR,2022-07-29 05:43:35,-10.4056,-36.4344,72.16,91,42,4.16,scattered clouds,0.0,0.0
592,La Ronge,CA,2022-07-29 05:43:35,55.1001,-105.2842,71.82,60,40,6.91,scattered clouds,0.0,0.0
593,Muros,ES,2022-07-29 05:43:36,42.7762,-9.0603,66.09,86,85,3.65,overcast clouds,0.0,0.0
594,Alpena,US,2022-07-29 05:41:28,45.0617,-83.4327,61.12,88,40,0.0,scattered clouds,0.0,0.0
595,Clinton,US,2022-07-29 05:43:08,42.587,-82.9199,69.93,70,0,5.75,clear sky,0.0,0.0
596,Mackenzie,CA,2022-07-29 05:43:36,55.2999,-123.1698,70.02,60,20,4.61,few clouds,0.0,0.0
597,Abu Kamal,SY,2022-07-29 05:43:37,34.4506,40.9171,97.83,10,0,7.83,clear sky,0.0,0.0
598,Vernon,CA,2022-07-29 05:43:37,50.2581,-119.2691,81.93,52,96,6.91,overcast clouds,0.0,0.0
599,Teofilo Otoni,BR,2022-07-29 05:42:54,-17.8575,-41.5053,57.63,95,1,2.35,clear sky,0.0,0.0
600,Saint-Leu,RE,2022-07-29 05:44:37,-21.15,55.2833,74.26,68,8,4.36,clear sky,0.0,0.0
601,Haapiti,PF,2022-07-29 05:44:38,-17.5667,-149.8667,78.53,73,0,22.19,light rain,0.0,0.0
602,Biak,ID,2022-07-29 05:44:38,-0.9131,122.8766,73.02,97,100,6.24,overcast clouds,0.0,0.0
603,Frolovo,RU,2022-07-29 05:44:39,49.7713,43.6622,81.39,48,53,6.67,broken clouds,0.0,0.0
604,Langen,DE,2022-07-29 05:44:39,49.9933,8.6728,68.54,59,0,6.91,clear sky,0.0,0.0
605,Los Lunas,US,2022-07-29 05:42:52,34.8062,-106.7334,71.65,53,53,4.99,broken clouds,0.0,0.0
606,Porto Nacional,BR,2022-07-29 05:44:39,-10.7081,-48.4172,68.0,43,15,1.81,few clouds,0.0,0.0
607,Warri,NG,2022-07-29 05:44:40,5.5167,5.75,73.6,94,100,3.38,light rain,0.0,0.0
608,Grand-Santi,GF,2022-07-29 05:44:40,4.25,-54.3833,71.38,100,99,1.97,light rain,0.0,0.0
609,Abu Samrah,SY,2022-07-29 05:44:40,35.3029,37.1841,89.29,18,0,7.38,clear sky,0.0,0.0
610,Kamarion,GR,2022-07-29 05:44:41,36.8,25.8167,76.1,84,0,25.93,clear sky,0.0,0.0
611,Azangaro,PE,2022-07-29 05:44:41,-14.9167,-70.2167,33.96,55,16,2.48,few clouds,0.0,0.0
612,Hamilton,US,2022-07-29 05:44:41,39.1834,-84.5333,76.86,80,0,5.75,clear sky,0.0,0.0
613,Mielec,PL,2022-07-29 05:41:17,50.2871,21.4239,65.79,70,52,7.81,broken clouds,0.0,0.0
614,Kieta,PG,2022-07-29 05:44:42,-6.2167,155.6333,80.47,81,91,3.67,light rain,0.0,0.0
615,Dicamay,PH,2022-07-29 05:44:42,16.7561,122.0037,88.88,62,95,4.56,overcast clouds,0.0,0.0
616,Fare,PF,2022-07-29 05:44:42,-16.7,-151.0167,79.0,74,1,23.62,light rain,0.0,0.0
617,Alekseyevsk,RU,2022-07-29 05:44:43,57.8406,108.3492,65.61,71,100,9.37,overcast clouds,0.0,0.0
618,Launceston,AU,2022-07-29 05:44:43,-41.45,147.1667,52.81,50,76,4.61,broken clouds,0.0,0.0
619,Pimentel,PE,2022-07-29 05:44:43,-6.8367,-79.9342,61.34,91,4,12.71,clear sky,0.0,0.0
620,Pingliang,CN,2022-07-29 05:44:44,35.5392,106.6861,83.71,43,5,14.41,clear sky,0.0,0.0
621,Khorixas,NA,2022-07-29 05:44:44,-20.3667,14.9667,54.03,41,5,1.97,clear sky,0.0,0.0
622,Yuzhno-Sukhokumsk,RU,2022-07-29 05:44:44,44.6581,45.6436,84.2,39,0,5.79,clear sky,0.0,0.0
623,Puerto Quijarro,BO,2022-07-29 05:44:44,-17.7833,-57.7667,68.32,42,33,1.59,scattered clouds,0.0,0.0
624,Challans,FR,2022-07-29 05:44:45,46.8436,-1.8749,63.97,67,100,7.09,overcast clouds,0.0,0.0
625,Xichang,CN,2022-07-29 05:44:45,27.8964,102.2634,83.34,58,19,2.39,few clouds,0.0,0.0
626,San Vicente,AR,2022-07-29 05:44:45,-26.6167,-54.1333,49.64,97,100,6.22,overcast clouds,0.0,0.0
627,Changde,CN,2022-07-29 05:44:46,29.0464,111.6783,91.04,60,7,6.44,moderate rain,0.0,0.0
628,Cheyenne,US,2022-07-29 05:40:23,41.14,-104.8203,62.92,87,0,5.75,clear sky,0.0,0.0
629,Trinidad,BO,2022-07-29 05:44:46,-14.8333,-64.9,72.81,46,40,2.71,scattered clouds,0.0,0.0
630,Morgantown,US,2022-07-29 05:44:47,39.6295,-79.9559,74.25,93,20,3.44,few clouds,0.0,0.0
631,Laguna,US,2022-07-29 05:44:47,38.421,-121.4238,78.94,66,0,12.66,clear sky,0.0,0.0
632,Oistins,BB,2022-07-29 05:43:14,13.0667,-59.5333,80.69,74,75,11.5,broken clouds,0.0,0.0
633,Korsakov,RU,2022-07-29 05:44:48,46.6328,142.7813,71.44,82,93,7.7,overcast clouds,0.0,0.0
634,Oussouye,SN,2022-07-29 05:44:49,12.485,-16.5469,77.83,84,69,9.26,broken clouds,0.0,0.0
635,Hailey,US,2022-07-29 05:44:49,43.5196,-114.3153,67.86,49,0,9.22,clear sky,0.0,0.0
636,Sao Luis De Montes Belos,BR,2022-07-29 05:44:49,-16.525,-50.3722,63.21,46,44,0.67,scattered clouds,0.0,0.0
637,Port Keats,AU,2022-07-29 05:44:50,-14.25,129.55,84.13,38,27,9.62,scattered clouds,0.0,0.0
638,Vahagni,AM,2022-07-29 05:44:50,40.907,44.6087,70.77,75,35,4.59,scattered clouds,0.0,0.0
639,Novoagansk,RU,2022-07-29 05:44:51,61.9449,76.6625,72.57,47,4,12.06,clear sky,0.0,0.0
640,Necochea,AR,2022-07-29 05:44:51,-38.5473,-58.7368,41.05,88,21,9.8,few clouds,0.0,0.0
641,Bengbu,CN,2022-07-29 05:44:51,32.9408,117.3608,87.64,66,98,8.23,overcast clouds,0.0,0.0
642,Saint-Augustin,CA,2022-07-29 05:44:51,51.226,-58.6502,50.99,80,62,11.77,broken clouds,0.0,0.0
643,Abaca,PH,2022-07-29 05:44:52,9.9204,124.5051,86.49,67,80,9.04,broken clouds,0.0,0.0
644,Caconda,AO,2022-07-29 05:44:52,-13.7333,15.0667,52.95,64,80,2.64,broken clouds,0.0,0.0
645,Lucapa,AO,2022-07-29 05:45:53,-8.4192,20.7447,65.37,34,73,4.65,broken clouds,0.0,0.0
646,The Pas,CA,2022-07-29 05:44:50,53.8251,-101.2541,60.82,72,0,3.44,clear sky,0.0,0.0
647,Camargo,MX,2022-07-29 05:45:53,27.6667,-105.1667,75.74,51,65,3.47,broken clouds,0.0,0.0
648,Takoradi,GH,2022-07-29 05:45:54,4.8845,-1.7554,74.35,78,95,9.78,overcast clouds,0.0,0.0
649,Penzance,GB,2022-07-29 05:45:54,50.1186,-5.5371,57.88,75,91,3.04,overcast clouds,0.0,0.0
650,Shache,CN,2022-07-29 05:45:54,38.4167,77.2406,99.12,14,17,17.72,few clouds,0.0,0.0
651,Montlucon,FR,2022-07-29 05:45:55,46.3333,2.6,66.83,48,97,1.54,overcast clouds,0.0,0.0
652,General Roca,AR,2022-07-29 05:45:55,-39.0333,-67.5833,46.62,60,0,13.53,clear sky,0.0,0.0
653,La Romana,DO,2022-07-29 05:45:55,18.4273,-68.9728,75.18,89,2,8.43,clear sky,0.0,0.0
654,Challapata,BO,2022-07-29 05:45:56,-18.9,-66.7667,43.81,26,30,2.93,scattered clouds,0.0,0.0
655,Ferrol,ES,2022-07-29 05:45:56,43.4832,-8.2369,66.72,89,99,4.54,overcast clouds,0.0,0.0
656,Portlethen,GB,2022-07-29 05:45:57,57.0547,-2.1307,57.78,97,0,4.61,clear sky,0.0,0.0
657,Lodja,CD,2022-07-29 05:45:57,-3.4833,23.4333,74.86,73,97,2.89,overcast clouds,0.0,0.0
658,Drumheller,CA,2022-07-29 05:43:35,51.4617,-112.7101,70.93,68,0,3.44,clear sky,0.0,0.0
659,Polovinnoye,RU,2022-07-29 05:45:58,54.7914,65.9864,59.5,87,100,14.56,light rain,0.0,0.0
660,La Paz,BO,2022-07-29 05:45:03,-16.5,-68.15,31.98,46,56,2.3,broken clouds,0.0,0.0
661,Luganville,VU,2022-07-29 05:45:58,-15.5333,167.1667,79.68,80,91,6.24,light rain,0.0,0.0
662,Bintulu,MY,2022-07-29 05:45:58,3.1667,113.0333,90.01,62,20,2.3,few clouds,0.0,0.0
663,Kupang,ID,2022-07-29 05:45:59,-10.1667,123.5833,82.58,56,89,2.42,overcast clouds,0.0,0.0
664,Cobija,BO,2022-07-29 05:45:59,-11.0267,-68.7692,72.73,63,27,2.17,scattered clouds,0.0,0.0
665,Guajara,BR,2022-07-29 05:46:00,-2.9667,-57.6667,76.64,75,82,1.74,broken clouds,0.0,0.0
666,Maniitsoq,GL,2022-07-29 05:46:00,65.4167,-52.9,40.39,97,100,9.86,light rain,0.0,0.0
667,Prince George,CA,2022-07-29 05:45:58,53.9166,-122.753,69.26,63,0,2.3,clear sky,0.0,0.0
668,Garissa,KE,2022-07-29 05:46:00,-0.4536,39.6401,76.24,67,38,15.99,scattered clouds,0.0,0.0
669,Sainte-Marie,RE,2022-07-29 05:46:01,-20.8968,55.5496,75.36,74,20,13.8,few clouds,0.0,0.0
670,Pierreville,CA,2022-07-29 05:46:01,46.0703,-72.8112,71.38,100,12,17.27,few clouds,0.0,0.0
671,Astana,KZ,2022-07-29 05:45:51,51.1801,71.446,73.35,60,75,11.18,broken clouds,0.0,0.0
